Workbook

Sheet AMCR_5years
A1: Date | B1: Open | C1: High | D1: Low | E1: Close | F1: Volume | G1: Dividends | H1: Stock Splits
A2: 2019-01-02 00:00:00-05:00 | B2: 6.8649416 | C2: 6.8649416 | D2: 6.8649416 | E2: 6.8649416 | F2: 0 | G2: 0 | H2: 0
A3: 2019-01-03 00:00:00-05:00 | B3: 6.8649416 | C3: 6.8649416 | D3: 6.8649416 | E3: 6.8649416 | F3: 122000 | G3: 0 | H3: 0
A4: 2019-01-04 00:00:00-05:00 | B4: 6.8649416 | C4: 6.8649416 | D4: 6.8649416 | E4: 6.8649416 | F4: 100 | G4: 0 | H4: 0
A5: 2019-01-07 00:00:00-05:00 | B5: 7.0199584 | C5: 7.0199584 | D5: 7.0125766 | E5: 7.0125766 | F5: 36000 | G5: 0 | H5: 0
A6: 2019-01-08 00:00:00-05:00 | B6: 6.9682851 | C6: 6.9682851 | D6: 6.9682851 | E6: 6.9682851 | F6: 10200 | G6: 0 | H6: 0
A7: 2019-01-09 00:00:00-05:00 | B7: 6.975666 | C7: 6.975666 | D7: 6.975666 | E7: 6.975666 | F7: 17300 | G7: 0 | H7: 0
A8: 2019-01-10 00:00:00-05:00 | B8: 7.0199585 | C8: 7.0199585 | D8: 7.0199585 | E8: 7.0199585 | F8: 300 | G8: 0 | H8: 0
A9: 2019-01-11 00:00:00-05:00 | B9: 7.0199585 | C9: 7.0199585 | D9: 7.0199585 | E9: 7.0199585 | F9: 10300 | G9: 0 | H9: 0
A10: 2019-01-14 00:00:00-05:00 | B10: 7.0199585 | C10: 7.0199585 | D10: 7.0199585 | E10: 7.0199585 | F10: 40400 | G10: 0 | H10: 0
A11: 2019-01-15 00:00:00-05:00 | B11: 6.9018517 | C11: 6.9018517 | D11: 6.9018517 | E11: 6.9018517 | F11: 300 | G11: 0 | H11: 0
A12: 2019-01-16 00:00:00-05:00 | B12: 6.9018517 | C12: 6.9018517 | D12: 6.9018517 | E12: 6.9018517 | F12: 0 | G12: 0 | H12: 0
A13: 2019-01-17 00:00:00-05:00 | B13: 7.0642481 | C13: 7.0642481 | D13: 7.0642481 | E13: 7.0642481 | F13: 8000 | G13: 0 | H13: 0
... A1510: 2024-12-30 00:00:00-05:00 | B1510: 9.1150151 | C1510: 9.1344921 | D1510: 9.0468476 | E1510: 9.0955391 | F1510: 8768000 | G1510: 0 | H1510: 0

Sheet SON_5years
A1: Date | B1: Open | C1: High | D1: Low | E1: Close | F1: Volume | G1: Dividends | H1: Stock Splits
A2: 2019-01-02 00:00:00-05:00 | B2: 41.659964 | C2: 41.683777 | D2: 40.802634 | E2: 41.485321 | F2: 679900 | G2: 0 | H2: 0
A3: 2019-01-03 00:00:00-05:00 | B3: 41.421818 | C3: 41.469449 | D3: 40.715314 | E3: 40.889954 | F3: 536700 | G3: 0 | H3: 0
A4: 2019-01-04 00:00:00-05:00 | B4: 41.437693 | C4: 41.921927 | D4: 41.21542 | E4: 41.517075 | F4: 481200 | G4: 0 | H4: 0
A5: 2019-01-07 00:00:00-05:00 | B5: 41.247172 | C5: 41.763159 | D5: 41.001088 | E5: 41.270988 | F5: 401000 | G5: 0 | H5: 0
A6: 2019-01-08 00:00:00-05:00 | B6: 41.596455 | C6: 41.977491 | D6: 41.231293 | E6: 41.580578 | F6: 571100 | G6: 0 | H6: 0
A7: 2019-01-09 00:00:00-05:00 | B7: 41.532962 | C7: 42.168022 | D7: 41.469458 | E7: 42.017197 | F7: 335100 | G7: 0 | H7: 0
A8: 2019-01-10 00:00:00-05:00 | B8: 41.96956 | C8: 43.009472 | D8: 41.858425 | E8: 42.811016 | F8: 349500 | G8: 0 | H8: 0
A9: 2019-01-11 00:00:00-05:00 | B9: 42.779258 | C9: 42.866579 | D9: 42.437912 | E9: 42.72369 | F9: 314400 | G9: 0 | H9: 0
A10: 2019-01-14 00:00:00-05:00 | B10: 42.445851 | C10: 42.652244 | D10: 42.080689 | E10: 42.414097 | F10: 320300 | G10: 0 | H10: 0
A11: 2019-01-15 00:00:00-05:00 | B11: 42.414104 | C11: 42.818953 | D11: 42.406164 | E11: 42.644314 | F11: 204400 | G11: 0 | H11: 0
A12: 2019-01-16 00:00:00-05:00 | B12: 42.596685 | C12: 43.017412 | D12: 42.445859 | E12: 42.922153 | F12: 265800 | G12: 0 | H12: 0
A13: 2019-01-17 00:00:00-05:00 | B13: 42.803085 | C13: 43.454025 | D13: 42.69195 | E13: 43.303196 | F13: 328000 | G13: 0 | H13: 0
... A1510: 2024-12-30 00:00:00-05:00 | B1510: 47.074919 | C1510: 47.258464 | D1510: 46.611222 | E1510: 46.949333 | F1510: 518500 | G1510: 0 | H1510: 0

Sheet GPK_5years
A1: Date | B1: Open | C1: High | D1: Low | E1: Close | F1: Volume | G1: Dividends | H1: Stock Splits
A2: 2019-01-02 00:00:00-05:00 | B2: 9.3556233 | C2: 9.7373046 | D2: 9.3556233 | E2: 9.5775309 | F2: 3757000 | G2: 0 | H2: 0
A3: 2019-01-03 00:00:00-05:00 | B3: 9.5686542 | C3: 9.6130359 | D3: 9.4088813 | E3: 9.4443865 | F3: 3437200 | G3: 0 | H3: 0
A4: 2019-01-04 00:00:00-05:00 | B4: 9.5509018 | C4: 9.7284277 | D4: 9.5331488 | E4: 9.6574173 | F4: 3170800 | G4: 0 | H4: 0
A5: 2019-01-07 00:00:00-05:00 | B5: 9.6662956 | C5: 9.7994398 | D5: 9.5686557 | E5: 9.6219139 | F5: 6577100 | G5: 0 | H5: 0
A6: 2019-01-08 00:00:00-05:00 | B6: 9.7195519 | C6: 9.7905622 | D6: 9.5864077 | E6: 9.7461805 | F6: 5291400 | G6: 0 | H6: 0
A7: 2019-01-09 00:00:00-05:00 | B7: 9.7284306 | C7: 9.9503382 | D7: 9.7284306 | E7: 9.817194 | F7: 5295500 | G7: 0 | H7: 0
A8: 2019-01-10 00:00:00-05:00 | B8: 9.7550563 | C8: 10.172243 | D8: 9.7284276 | E8: 10.065727 | F8: 6402100 | G8: 0 | H8: 0
A9: 2019-01-11 00:00:00-05:00 | B9: 10.074605 | C9: 10.305388 | D9: 10.030223 | E9: 10.287636 | F9: 4715500 | G9: 0 | H9: 0
A10: 2019-01-14 00:00:00-05:00 | B10: 10.234376 | C10: 10.261005 | D10: 10.074603 | E10: 10.198871 | F10: 4432100 | G10: 0 | H10: 0
A11: 2019-01-15 00:00:00-05:00 | B11: 10.145614 | C11: 10.261006 | D11: 10.065727 | E11: 10.25213 | F11: 3920400 | G11: 0 | H11: 0
A12: 2019-01-16 00:00:00-05:00 | B12: 10.225501 | C12: 10.349769 | D12: 10.172243 | E12: 10.234377 | F12: 3700900 | G12: 0 | H12: 0
A13: 2019-01-17 00:00:00-05:00 | B13: 10.234378 | C13: 10.403029 | D13: 10.216626 | E13: 10.349771 | F13: 3667900 | G13: 0 | H13: 0
... A1510: 2024-12-30 00:00:00-05:00 | B1510: 26.834852 | C1510: 26.943257 | D1510: 26.56877 | E1510: 26.72645 | F1510: 994300 | G1510: 0 | H1510: 0

Sheet NYSE_5nam
A1: Price | B1: Close | C1: High | D1: Low | E1: Open | F1: Volume
A2: Ticker | B2: ^NYA | C2: ^NYA | D2: ^NYA | E2: ^NYA | F2: ^NYA
A3: Date
A4: 43467 | B4: 11383.53 | C4: 11407.8 | D4: 11204.28 | E4: 11238.77 | F4: 3733160000
A5: 43468 | B5: 11190.44 | C5: 11343.79 | D5: 11169.46 | E5: 11343.79 | F5: 3858830000
A6: 43469 | B6: 11533.34 | C6: 11559.02 | D6: 11323.73 | E6: 11323.73 | F6: 4234140000
A7: 43472 | B7: 11605.96 | C7: 11678.97 | D7: 11504.77 | E7: 11536.05 | F7: 4133120000
A8: 43473 | B8: 11716.23 | C8: 11727.75 | D8: 11621.15 | E8: 11702.5 | F8: 4120060000
A9: 43474 | B9: 11778.42 | C9: 11811.68 | D9: 11712.37 | E9: 11758.03 | F9: 4088740000
A10: 43475 | B10: 11839.31 | C10: 11843.6 | D10: 11701.81 | E10: 11731.55 | F10: 3721300000
A11: 43476 | B11: 11848.01 | C11: 11851.55 | D11: 11762.49 | E11: 11806.75 | F11: 3447460000
A12: 43479 | B12: 11799.11 | C12: 11827.64 | D12: 11745.57 | E12: 11767.53 | F12: 3689370000
A13: 43480 | B13: 11868.68 | C13: 11877.42 | D13: 11798.03 | E13: 11798.03 | F13: 3601180000
A14: 43481 | B14: 11907.61 | C14: 11944.2 | D14: 11882.91 | E14: 11884.97 | F14: 3882180000
A15: 43482 | B15: 11994.54 | C15: 12033.58 | D15: 11862.43 | E15: 11873.82 | F15: 3802410000
... A1512: 45656 | B1512: 19077.93 | C1512: 19238.48 | D1512: 18953.551 | E1512: 19238.48 | F1512: 3433250000

Sheet DATA
A1: Date | B1: AMCR | C1: SON | D1: GPK | E1: NYSE | F1: TSSL AMCR | G1: TSSL SON | H1: TSSL GPK | I1: TSSL NYSE
A2: 2019-10-18 00:00:00-04:00 | B2: 6.8649416 | C2: 41.485321 | D2: 9.5775309 | E2: 13006.64
A3: 2019-10-23 00:00:00-04:00 | B3: 7.0125766 | C3: 41.270988 | D3: 9.6219139 | E3: 13114.39 | F3: =(B3-B2)/B2 -> 0.021505643 | G3: =(C3-C2)/C2 -> -0.0051664679 | H3: =(D3-D2)/D2 -> 0.0046340805 | I3: =(E3-E2)/E2 -> 0.0082842304
A4: 2019-10-24 00:00:00-04:00 | B4: 6.9682851 | C4: 41.580578 | D4: 9.7461805 | E4: 13118.9 | F4: =(B4-B3)/B3 -> -0.0063160089 | G4: =(C4-C3)/C3 -> 0.0075013804 | H4: =(D4-D3)/D3 -> 0.012914959 | I4: =(E4-E3)/E3 -> 0.00034395365
A5: 2019-10-25 00:00:00-04:00 | B5: 6.975666 | C5: 42.017197 | D5: 9.817194 | E5: 13146.24 | F5: =(B5-B4)/B4 -> 0.0010592222 | G5: =(C5-C4)/C4 -> 0.010500547 | H5: =(D5-D4)/D4 -> 0.0072862852 | I5: =(E5-E4)/E4 -> 0.0020840042
A6: 2019-10-28 00:00:00-04:00 | B6: 7.0199585 | C6: 42.811016 | D6: 10.065727 | E6: 13186.43 | F6: =(B6-B5)/B5 -> 0.0063495657 | G6: =(C6-C5)/C5 -> 0.018892727 | H6: =(D6-D5)/D5 -> 0.025316119 | I6: =(E6-E5)/E5 -> 0.0030571062
A7: 2019-11-04 00:00:00-05:00 | B7: 7.0642481 | C7: 43.303196 | D7: 10.349771 | E7: 13355.44 | F7: =(B7-B6)/B6 -> 0.0063090956 | G7: =(C7-C6)/C6 -> 0.011496571 | H7: =(D7-D6)/D6 -> 0.028218856 | I7: =(E7-E6)/E6 -> 0.012817021
A8: 2019-11-05 00:00:00-05:00 | B8: 7.0494838 | C8: 43.509579 | D8: 10.571675 | E8: 13339.59 | F8: =(B8-B7)/B7 -> -0.0020900043 | G8: =(C8-C7)/C7 -> 0.0047659935 | H8: =(D8-D7)/D7 -> 0.021440548 | I8: =(E8-E7)/E7 -> -0.0011868261
A9: 2019-11-06 00:00:00-05:00 | B9: 7.0494838 | C9: 43.541325 | D9: 10.571675 | E9: 13351.57 | F9: =(B9-B8)/B8 -> 0 | G9: =(C9-C8)/C8 -> 0.00072963038 | H9: =(D9-D8)/D8 -> 0 | I9: =(E9-E8)/E8 -> 0.00089811373
A10: 2019-11-07 00:00:00-05:00 | B10: 7.1528273 | C10: 43.922379 | D10: 10.660439 | E10: 13395.55 | F10: =(B10-B9)/B9 -> 0.014659724 | G10: =(C10-C9)/C9 -> 0.0087515464 | H10: =(D10-D9)/D9 -> 0.0083964167 | I10: =(E10-E9)/E9 -> 0.0032939565
A11: 2019-11-22 00:00:00-05:00 | B11: 7.6031084 | C11: 46.557865 | D11: 10.908976 | E11: 13440.95 | F11: =(B11-B10)/B10 -> 0.062951491 | G11: =(C11-C10)/C10 -> 0.060003276 | H11: =(D11-D10)/D10 -> 0.023313871 | I11: =(E11-E10)/E10 -> 0.0033892144
A12: 2019-11-26 00:00:00-05:00 | B12: 7.5809636 | C12: 47.097675 | D12: 10.864594 | E12: 13559.71 | F12: =(B12-B11)/B11 -> -0.0029125975 | G12: =(C12-C11)/C11 -> 0.011594393 | H12: =(D12-D11)/D11 -> -0.0040684017 | I12: =(E12-E11)/E11 -> 0.0088356674
A13: 2019-12-10 00:00:00-05:00 | B13: 7.898376 | C13: 47.042107 | D13: 11.13976 | E13: 13545.31 | F13: =(B13-B12)/B12 -> 0.041869661 | G13: =(C13-C12)/C12 -> -0.0011798607 | H13: =(D13-D12)/D12 -> 0.025326904 | I13: =(E13-E12)/E12 -> -0.0010619984
A14: 2019-12-17 00:00:00-05:00 | B14: 8.0572624 | C14: 47.042103 | D14: 10.944482 | E14: 13795.35 | F14: =(B14-B13)/B13 -> 0.020116342 | G14: =(C14-C13)/C13 -> -8.1091122e-08 | H14: =(D14-D13)/D13 -> -0.017529836 | I14: =(E14-E13)/E13 -> 0.018459529
... A1234: 2024-12-31 00:00:00-05:00 | B1234: 8.8571358 | C1234: 53.322655 | D1234: 27.102839 | E1234: 19097.1 | F1234: =(B1234-B1233)/B1233 -> -0.0094536935 | G1234: =(C1234-C1233)/C1233 -> -0.015752022 | H1234: =(D1234-D1233)/D1233 -> -0.016979096 | I1234: =(E1234-E1233)/E1233 -> 0.0010048219

Sheet Chi phí vốn
F1: Đơn vị : Tỷ USD | O1: Đơn vị : Tỷ USD | X1: Đơn vị : Tỷ USD
A2: Amcor PLC - AMCR | J2: Sonoko - SON | S2: Graphic Packaging Holding Co - GPK
A3: Năm | B3: 2019 | C3: 2020 | D3: 2021 | E3: 2022 | F3: 2023 | G3: 2024 | H3: Trung bình | J3: Năm | K3: 2019 | L3: 2020 | M3: 2021 | N3: 2022 | O3: 2023 | P3: 2024 | Q3: Trung bình | S3: Năm | T3: 2019 | U3: 2020 | V3: 2021 | W3: 2022 | X3: 2023 | Y3: 2024 | Z3: Trung bình
A4: Doanh thu | B4: 9.46 | C4: 12.47 | D4: 12.86 | E4: 14.54 | F4: 14.69 | G4: 13.64 | H4: =AVERAGE(B4:G4) -> 12.943333 | J4: Doanh thu | K4: 5.37 | L4: 5.23 | M4: 5.59 | N4: 7.25 | O4: 6.78 | P4: 4.63 | Q4: =AVERAGE(K4:P4) -> 5.8083333 | S4: Doanh thu | T4: 6.16 | U4: 6.559 | V4: 7.156 | W4: 9.44 | X4: 9.428 | Y4: 8.807 | Z4: =AVERAGE(T4:Y4) -> 7.925
A5: D | B5: 6.1 | C5: 6.7 | D5: 6.75 | E5: 6.98 | F5: 7.2 | G5: 7.18 | J5: D | K5: 1.93 | L5: 1.96 | M5: 1.84 | N5: 3.47 | O5: 3.22 | P5: 7.29 | S5: D | T5: 5.283 | U5: 5.283 | V5: 5.831 | W5: 5.283 | X5: 5.396 | Y5: 5.209
A6: E | B6: 11.49 | C6: 11.76 | D6: 12.37 | E6: 12.37 | F6: 11.7 | G6: 11.7 | J6: E | K6: 1.803 | L6: 1.759 | M6: 1.837 | N6: 2.066 | O6: 1.849 | P6: 2.072 | S6: E | T6: 2.15 | U6: 2.15 | V6: 1.893 | W6: 2.15 | X6: 2.782 | Y6: 3.013
A7: D/E | B7: =B5/B6 -> 0.53089643 | C7: =C5/C6 -> 0.56972789 | D7: =D5/D6 -> 0.54567502 | E7: =E5/E6 -> 0.56426839 | F7: =F5/F6 -> 0.61538462 | G7: =G5/G6 -> 0.61367521 | H7: =AVERAGE(B7:G7) -> 0.57327126 | J7: D/E | K7: =K5/K6 -> 1.0704382 | L7: =L5/L6 -> 1.1142695 | M7: =M5/M6 -> 1.0016331 | N7: =N5/N6 -> 1.6795741 | O7: =O5/O6 -> 1.7414819 | P7: =P5/P6 -> 3.5183398 | Q7: =AVERAGE(K7:P7) -> 1.6876227 | S7: D/E | T7: =T5/T6 -> 2.4572093 | U7: =U5/U6 -> 2.4572093 | V7: =V5/V6 -> 3.0802958 | W7: =W5/W6 -> 2.4572093 | X7: =X5/X6 -> 1.9396118 | Y7: =Y5/Y6 -> 1.7288417 | Z7: =AVERAGE(T7:Y7) -> 2.3533962
A10: Chỉ tiêu | E10: Giá trị | J10: Chỉ tiêu | N10: Giá trị | S10: Chỉ tiêu | W10: Giá trị
A11: Var (NYSE) | E11: =_xlfn.VAR.P(DATA!I3:I1234) -> 0.00016786244 | J11: Var (NYSE) | N11: =_xlfn.VAR.P(DATA!I3:I1234) -> 0.00016786244 | S11: Var (NYSE) | W11: =_xlfn.VAR.P(DATA!I3:I1234) -> 0.00016786244
A12: Cov ( (AMCR); (NYSE)) | E12: =_xlfn.COVARIANCE.P(DATA!F3:F1234,DATA!I3:I1234) -> 3.0109692e-06 | J12: Cov ((SON); (NYSE)) | N12: =_xlfn.COVARIANCE.P(DATA!G3:G1234,DATA!I3:I1234) -> -6.2673287e-06 | S12: Cov ( (GPK); (NYSE)) | W12: =_xlfn.COVARIANCE.P(DATA!H3:H1234,DATA!I3:I1234) -> -1.1615248e-05
A13: Beta L1 | E13: =E12/E11 -> 0.017937123 | J13: Beta L2 | N13: =N12/N11 -> -0.0373361 | S13: Beta L3 | W13: =W12/W11 -> -0.069195039
G17: Amcor PLC | J17: Sonoko | M17: Graphic Packaging Hodling Co | Q17: Rm | W17: =(DATA!E1234-DATA!E2)/DATA!E2 -> 0.46825776
D18: Beta L | G18: =E13 -> 0.017937123 | J18: =N13 -> -0.0373361 | M18: =W13 -> -0.069195039 | Q18: Rf | W18: 0.03898
D19: T | G19: 0.21 | J19: 0.21 | M19: 0.21 | Q19: Ru | W19: =W18+(W17-W18)*G23 -> 0.036969469
D20: D/E | G20: =H7 -> 0.57327126 | J20: =Q7 -> 1.6876227 | M20: =Z7 -> 2.3533962 | Q20: Hệ số tín nhiệm quốc gia của Mỹ | W20: Aa1
D21: Beta U | G21: =G18/(1+(1-G19)*G20) -> 0.012345872 | J21: =J18/(1+(1-J19)*J20) -> -0.01600195 | M21: =M18/(1+(1-M19)*M20) -> -0.024200983 | Q21: Hệ số tín nhiệm quốc gia của Việt Nam | W21: Ba2
D22: TỈ lệ doanh thu | G22: =H4/SUM($H$4,$Q$4,$Z$4) -> 0.48519305 | J22: =Q4/SUM($H$4,$Q$4,$Z$4) -> 0.21773085 | M22: =Z4/SUM($H$4,$Q$4,$Z$4) -> 0.2970761 | Q22: Rpc | W22: 0.0215
D23: Beta U bình quân | G23: =G21*G22+J21*J22+M21*M22 -> -0.0046835204 | Q23: Hệ số lạm phát theo giá tiêu dùng của Mỹ | W23: 0.029
Q24: Hệ số lạm phát theo giá tiêu dùng của Việt Nam | W24: 0.0338
Q25: Ru sau khi cộng phần bù rủi ro tín nhiệm quốc gia | W25: =W19+W22 -> 0.058469469
Q26: Ru sau khi chuyển đổi rủi ro ngoại hối | W26: =(1+W24)/(1+W23)*(W25+1)-1 -> 0.063406936
